PlayerName,PlayerFieldGoals,PlayerPoints,EffectiveFieldGoalPercentage,PlayerPosition,PlayerAge,TeamRank,TeamName,TeamFieldGoals,TeamPoints,CoachName,CoachSeasonWin,CoachSeasonLose
"
Aaron Brooks",28,75,0.486,PG,33,"
8","Minnesota Timberwolves",3365,8980,"
Tom Thibodeau",47,35
"
Aaron Gordon",375,1022,0.5,PF,22,"
24","Orlando Magic",3182,8479,"
Frank Vogel",25,57
"
Aaron Harrison",19,60,0.341,SG,23,"
28","Dallas Mavericks",3128,8390,"
Rick Carlisle",24,58
"
Aaron Jackson",3,8,0.389,PG,31,"
2","Houston Rockets",3174,9213,"
Mike D'Antoni",65,17
"
Abdel Nader",50,146,0.413,SF,24,"
20","Boston Celtics",3141,8529,"
Brad Stevens",55,27
"
Adreian Payne",7,21,0.8,PF,26,"
24","Orlando Magic",3182,8479,"
Frank Vogel",25,57
"
Al Horford",368,927,0.553,C,31,"
20","Boston Celtics",3141,8529,"
Brad Stevens",55,27
"
Al Jefferson",111,252,0.534,C,33,"
17","Indiana Pacers",3345,8656,"
Nate McMillan",48,34
"
Al-Farouq Aminu",230,644,0.503,PF,27,"
16","Portland Trail Blazers",3222,8661,"
Terry Stotts",49,33
"
Alan Williams",7,NULL,6,PF,25,"
21","Phoenix Suns",3153,8522,"
Jay Triano",21,58
"
Alan Williams",7,NULL,6,PF,25,"
21","Phoenix Suns",3153,8522,"
Earl Watson",0,3
"
Alec Burks",170,494,0.467,SG,26,"
19","Utah Jazz",3139,8540,"
Quin Snyder",48,34
"
Alec Peters",28,82,0.5,PF,22,"
21","Phoenix Suns",3153,8522,"
Jay Triano",21,58
"
Alec Peters",28,82,0.5,PF,22,"
21","Phoenix Suns",3153,8522,"
Earl Watson",0,3
"
Alex Abrines",115,353,0.54,SG,24,"
12","Oklahoma City Thunder",3271,8844,"
Billy Donovan",48,34
"
Alex Caruso",50,134,0.487,PG,23,"
11","Los Angeles Lakers",3338,8862,"
Luke Walton",35,47
"
Alex Len",214,587,0.567,C,24,"
21","Phoenix Suns",3153,8522,"
Jay Triano",21,58
"
Alex Len",214,587,0.567,C,24,"
21","Phoenix Suns",3153,8522,"
Earl Watson",0,3
"
Alex Poythress",11,NULL,0.5,PF,24,"
17","Indiana Pacers",3345,8656,"
Nate McMillan",48,34
"
Alfonzo McKinnie",8,21,0.633,SF,25,"
4","Toronto Raptors",3383,9156,"
Dwane Casey",59,23
"
Allen Crabbe",337,990,0.529,SG,25,"
14","Brooklyn Nets",3136,8741,"
Kenny Atkinson",28,54
"
Amir Johnson",140,342,0.558,C,30,"
7","Philadelphia 76ers",3349,9004,"
Brett Brown",52,30
"
Andre Drummond",466,1171,0.529,C,24,"
22","Detroit Pistons",3208,8509,"
Stan Van Gundy",39,43
"
Andre Iguodala",148,384,0.514,SF,34,"
1","Golden State Warriors",3509,9304,"
Steve Kerr",58,24
"
Andre Ingram",8,24,0.618,SG,32,"
11","Los Angeles Lakers",3338,8862,"
Luke Walton",35,47
"
Andre Roberson",87,194,0.562,SG,26,"
12","Oklahoma City Thunder",3271,8844,"
Billy Donovan",48,34
"
Andrew Bogut",17,NULL,2,C,33,"
11","Los Angeles Lakers",3338,8862,"
Luke Walton",35,47
"
Andrew Harrison",181,533,0.477,PG,23,"
29","Memphis Grizzlies",3013,8145,"
J.B. Bickerstaff",15,48
"
Andrew Harrison",181,533,0.477,PG,23,"
29","Memphis Grizzlies",3013,8145,"
David Fizdale",7,12
"
Andrew White",25,69,0.466,SF,24,"
25","Atlanta Hawks",3130,8475,"
Mike Budenholzer",24,58
"
Andrew Wiggins",569,1452,0.481,SF,22,"
8","Minnesota Timberwolves",3365,8980,"
Tom Thibodeau",47,35
"
Ante Zizic",49,NULL,21,C,21,"
5","Cleveland Cavaliers",3311,9091,"
Tyronn Lue",50,32
"
Anthony Brown",1,NULL,0,SF,25,"
8","Minnesota Timberwolves",3365,8980,"
Tom Thibodeau",47,35
"
Anthony Davis",780,2110,0.552,PF,24,"
3","New Orleans Pelicans",3500,9161,"
Alvin Gentry",48,34
"
Anthony Tolliver",219,703,0.632,PF,32,"
22","Detroit Pistons",3208,8509,"
Stan Van Gundy",39,43
"
Antonio Blakeney",53,151,0.423,SG,21,"
26","Chicago Bulls",3170,8440,"
Fred Hoiberg",27,55
"
Antonius Cleveland",4,13,0.786,SG,23,"
25","Atlanta Hawks",3130,8475,"
Mike Budenholzer",24,58
"
Antonius Cleveland",4,10,0.286,SG,23,"
28","Dallas Mavericks",3128,8390,"
Rick Carlisle",24,58
"
Aron Baynes",210,482,0.474,C,31,"
20","Boston Celtics",3141,8529,"
Brad Stevens",55,27
"
Arron Afflalo",65,179,0.485,SG,32,"
24","Orlando Magic",3182,8479,"
Frank Vogel",25,57
"
Austin Rivers",341,920,0.508,SG,25,"
9","Los Angeles Clippers",3302,8937,"
Doc Rivers",42,40
"
Avery Bradley",233,601,0.474,SG,27,"
22","Detroit Pistons",3208,8509,"
Stan Van Gundy",39,43
"
Avery Bradley",26,55,0.482,SG,27,"
9","Los Angeles Clippers",3302,8937,"
Doc Rivers",42,40
"
Bam Adebayo",174,477,0.512,C,20,"
23","Miami Heat",3184,8480,"
Erik Spoelstra",44,38
"
Ben McLemore",157,422,0.495,SG,24,"
29","Memphis Grizzlies",3013,8145,"
J.B. Bickerstaff",15,48
"
Ben McLemore",157,422,0.495,SG,24,"
29","Memphis Grizzlies",3013,8145,"
David Fizdale",7,12
"
Ben Moore",0,NULL,1,PF,22,"
17","Indiana Pacers",3345,8656,"
Nate McMillan",48,34
"
Ben Simmons",544,1279,0.545,PG,21,"
7","Philadelphia 76ers",3349,9004,"
Brett Brown",52,30
"
Bismack Biyombo",183,468,0.52,C,25,"
24","Orlando Magic",3182,8479,"
Frank Vogel",25,57
"
Blake Griffin",181,496,0.489,PF,28,"
22","Detroit Pistons",3208,8509,"
Stan Van Gundy",39,43
"
Blake Griffin",255,746,0.497,PF,28,"
9","Los Angeles Clippers",3302,8937,"
Doc Rivers",42,40
"
Boban Marjanovic",41,NULL,36,C,29,"
22","Detroit Pistons",3208,8509,"
Stan Van Gundy",39,43
"
Boban Marjanovic",38,NULL,41,C,29,"
9","Los Angeles Clippers",3302,8937,"
Doc Rivers",42,40
"
Bobby Brown",19,50,0.422,PG,33,"
2","Houston Rockets",3174,9213,"
Mike D'Antoni",65,17
"
Bobby Portis",382,964,0.52,PF,22,"
26","Chicago Bulls",3170,8440,"
Fred Hoiberg",27,55
"
Bogdan Bogdanovic",344,917,0.529,SG,25,"
30","Sacramento Kings",3179,8104,"
Dave Joerger",27,55
"
Bojan Bogdanovic",404,1141,0.565,SF,28,"
17","Indiana Pacers",3345,8656,"
Nate McMillan",48,34
"
Bradley Beal",683,1857,0.527,SG,24,"
13","Washington Wizards",3275,8742,"
Scott Brooks",43,39
"
Brandan Wright",2,NULL,0,PF,30,"
2","Houston Rockets",3174,9213,"
Mike D'Antoni",65,17
"
Brandan Wright",57,NULL,21,PF,30,"
29","Memphis Grizzlies",3013,8145,"
J.B. Bickerstaff",15,48
"
Brandan Wright",57,NULL,21,PF,30,"
29","Memphis Grizzlies",3013,8145,"
David Fizdale",7,12
"
Brandon Ingram",358,949,0.497,SF,20,"
11","Los Angeles Lakers",3338,8862,"
Luke Walton",35,47
"
Brandon Jennings",27,73,0.438,PG,28,"
15","Milwaukee Bucks",3257,8731,"
Joe Prunty",21,16
"
Brandon Jennings",27,73,0.438,PG,28,"
15","Milwaukee Bucks",3257,8731,"
Jason Kidd",23,22
"
Brandon Paul",55,147,0.492,SG,26,"
27","San Antonio Spurs",3202,8424,"
Gregg Popovich",47,35
"
Briante Weber",9,26,0.5,PG,25,"
2","Houston Rockets",3174,9213,"
Mike D'Antoni",65,17
"
Briante Weber",10,24,0.476,PG,25,"
29","Memphis Grizzlies",3013,8145,"
J.B. Bickerstaff",15,48
"
Briante Weber",10,24,0.476,PG,25,"
29","Memphis Grizzlies",3013,8145,"
David Fizdale",7,12
"
Brice Johnson",7,16,0.636,PF,23,"
9","Los Angeles Clippers",3302,8937,"
Doc Rivers",42,40
"
Brice Johnson",13,NULL,1,PF,23,"
29","Memphis Grizzlies",3013,8145,"
J.B. Bickerstaff",15,48
"
Brice Johnson",13,NULL,1,PF,23,"
29","Memphis Grizzlies",3013,8145,"
David Fizdale",7,12
"
Brook Lopez",369,961,0.536,C,29,"
11","Los Angeles Lakers",3338,8862,"
Luke Walton",35,47
"
Bruno Caboclo",9,26,0.362,SF,22,"
30","Sacramento Kings",3179,8104,"
Dave Joerger",27,55
"
Bruno Caboclo",0,NULL,0,SF,22,"
4","Toronto Raptors",3383,9156,"
Dwane Casey",59,23
"
Bryn Forbes",209,555,0.51,SG,24,"
27","San Antonio Spurs",3202,8424,"
Gregg Popovich",47,35
"
Buddy Hield",416,1079,0.54,SG,25,"
30","Sacramento Kings",3179,8104,"
Dave Joerger",27,55
"
C.J. Miles",227,699,0.516,SF,30,"
4","Toronto Raptors",3383,9156,"
Dwane Casey",59,23
"
C.J. Williams",87,209,0.497,SG,27,"
9","Los Angeles Clippers",3302,8937,"
Doc Rivers",42,40
"
Caleb Swanigan",24,61,0.408,PF,20,"
16","Portland Trail Blazers",3222,8661,"
Terry Stotts",49,33
"
Cameron Payne",87,221,0.486,PG,23,"
26","Chicago Bulls",3170,8440,"
Fred Hoiberg",27,55
"
Caris LeVert",320,858,0.493,SF,23,"
14","Brooklyn Nets",3136,8741,"
Kenny Atkinson",28,54
"
Carmelo Anthony",472,1261,0.476,PF,33,"
12","Oklahoma City Thunder",3271,8844,"
Billy Donovan",48,34
"
Cedi Osman",90,238,0.57,SF,22,"
5","Cleveland Cavaliers",3311,9091,"
Tyronn Lue",50,32
"
Chandler Parsons",108,284,0.571,SF,29,"
29","Memphis Grizzlies",3013,8145,"
J.B. Bickerstaff",15,48
"
Chandler Parsons",108,284,0.571,SF,29,"
29","Memphis Grizzlies",3013,8145,"
David Fizdale",7,12
"
Channing Frye",84,212,0.586,C,34,"
5","Cleveland Cavaliers",3311,9091,"
Tyronn Lue",50,32
"
Channing Frye",20,52,0.57,C,34,"
11","Los Angeles Lakers",3338,8862,"
Luke Walton",35,47
"
Charles Cooke",2,6,0.179,SG,23,"
3","New Orleans Pelicans",3500,9161,"
Alvin Gentry",48,34
"
Cheick Diallo",102,NULL,50,PF,21,"
3","New Orleans Pelicans",3500,9161,"
Alvin Gentry",48,34
"
Chinanu Onuaku",2,NULL,0,C,21,"
2","Houston Rockets",3174,9213,"
Mike D'Antoni",65,17
"
Chris Boucher",0,NULL,0,PF,25,"
1","Golden State Warriors",3509,9304,"
Steve Kerr",58,24
"
Chris McCullough",18,46,0.44,PF,22,"
13","Washington Wizards",3275,8742,"
Scott Brooks",43,39
"
Chris Paul",367,1081,0.55,PG,32,"
2","Houston Rockets",3174,9213,"
Mike D'Antoni",65,17
"
CJ McCollum",667,1732,0.506,SG,26,"
16","Portland Trail Blazers",3222,8661,"
Terry Stotts",49,33
"
Clint Capela",441,1026,0.652,C,23,"
2","Houston Rockets",3174,9213,"
Mike D'Antoni",65,17
"
Cody Zeller",85,233,0.551,C,25,"
10","Charlotte Hornets",3197,8874,"
Steve Clifford",36,46
"
Cole Aldrich",5,NULL,2,C,29,"
8","Minnesota Timberwolves",3365,8980,"
Tom Thibodeau",47,35
"
Corey Brewer",78,198,0.477,SF-SG,31,"
11","Los Angeles Lakers",3338,8862,"
Luke Walton",35,47
"
Corey Brewer",64,182,0.524,SF-SG,31,"
12","Oklahoma City Thunder",3271,8844,"
Billy Donovan",48,34
"
Cory Joseph",256,649,0.479,PG,26,"
17","Indiana Pacers",3345,8656,"
Nate McMillan",48,34
"
Courtney Lee",343,913,0.529,SG,32,"
18","New York Knicks",3334,8566,"
Jeff Hornacek",29,53
"
Cristiano Felicio",127,308,0.591,C,25,"
26","Chicago Bulls",3170,8440,"
Fred Hoiberg",27,55
"
D.J. Augustin",244,766,0.557,PG,30,"
24","Orlando Magic",3182,8479,"
Frank Vogel",25,57
"
D.J. Wilson",9,21,0.625,PF,21,"
15","Milwaukee Bucks",3257,8731,"
Joe Prunty",21,16
"
D.J. Wilson",9,21,0.625,PF,21,"
15","Milwaukee Bucks",3257,8731,"
Jason Kidd",23,22
"
D'Angelo Russell",278,743,0.481,PG,21,"
14","Brooklyn Nets",3136,8741,"
Kenny Atkinson",28,54
"
Dakari Johnson",22,NULL,11,C,22,"
12","Oklahoma City Thunder",3271,8844,"
Billy Donovan",48,34
"
Damian Jones",11,NULL,3,C,22,"
1","Golden State Warriors",3509,9304,"
Steve Kerr",58,24
"
Damian Lillard",621,1962,0.519,PG,27,"
16","Portland Trail Blazers",3222,8661,"
Terry Stotts",49,33
"
Damien Wilkins",13,33,0.385,SF,38,"
17","Indiana Pacers",3345,8656,"
Nate McMillan",48,34
"
Damion Lee",62,161,0.457,SG,25,"
25","Atlanta Hawks",3130,8475,"
Mike Budenholzer",24,58
"
Damyean Dotson",72,182,0.516,SG,23,"
18","New York Knicks",3334,8566,"
Jeff Hornacek",29,53
"
Daniel Hamilton",5,NULL,0.545,SG,22,"
12","Oklahoma City Thunder",3271,8844,"
Billy Donovan",48,34
"
Daniel Theis",126,331,0.579,C,25,"
20","Boston Celtics",3141,8529,"
Brad Stevens",55,27
"
Danilo Gallinari",102,321,0.469,SF,29,"
9","Los Angeles Clippers",3302,8937,"
Doc Rivers",42,40
"
Danny Green",217,600,0.49,SG,30,"
27","San Antonio Spurs",3202,8424,"
Gregg Popovich",47,35
"
Dante Cunningham",65,164,0.55,SF,30,"
14","Brooklyn Nets",3136,8741,"
Kenny Atkinson",28,54
"
Dante Cunningham",99,253,0.518,SF,30,"
3","New Orleans Pelicans",3500,9161,"
Alvin Gentry",48,34
"
Dante Exum",42,114,0.511,PG,22,"
19","Utah Jazz",3139,8540,"
Quin Snyder",48,34
"
Danuel House",56,152,0.492,SG,24,"
21","Phoenix Suns",3153,8522,"
Jay Triano",21,58
"
Danuel House",56,152,0.492,SG,24,"
21","Phoenix Suns",3153,8522,"
Earl Watson",0,3
"
Dario Saric",403,1141,0.541,PF,23,"
7","Philadelphia 76ers",3349,9004,"
Brett Brown",52,30
"
Darius Miller",216,637,0.594,SF,27,"
3","New Orleans Pelicans",3500,9161,"
Alvin Gentry",48,34
"
Darrell Arthur",22,54,0.553,PF,29,"
6","Denver Nuggets",3338,9020,"
Mike Malone",46,36
"
Darren Collison",316,855,0.571,PG,30,"
17","Indiana Pacers",3345,8656,"
Nate McMillan",48,34
"
Darrun Hilliard",5,16,0.263,SG,24,"
27","San Antonio Spurs",3202,8424,"
Gregg Popovich",47,35
"
David Nwaba",202,555,0.499,SG,25,"
26","Chicago Bulls",3170,8440,"
Fred Hoiberg",27,55
"
David Stockton",2,NULL,4,PG,26,"
19","Utah Jazz",3139,8540,"
Quin Snyder",48,34
"
David West",216,495,0.575,C,37,"
1","Golden State Warriors",3509,9304,"
Steve Kerr",58,24
"
Davis Bertans",161,456,0.568,PF,25,"
27","San Antonio Spurs",3202,8424,"
Gregg Popovich",47,35
"
Davon Reed",22,63,0.362,SG,22,"
21","Phoenix Suns",3153,8522,"
Jay Triano",21,58
"
Davon Reed",22,63,0.362,SG,22,"
21","Phoenix Suns",3153,8522,"
Earl Watson",0,3
"
De'Aaron Fox",328,844,0.441,PG,20,"
30","Sacramento Kings",3179,8104,"
Dave Joerger",27,55
"
DeAndre Jordan",373,NULL,181,C,29,"
9","Los Angeles Clippers",3302,8937,"
Doc Rivers",42,40
"
DeAndre Liggins",22,57,0.423,SG,29,"
15","Milwaukee Bucks",3257,8731,"
Joe Prunty",21,16
"
DeAndre Liggins",22,57,0.423,SG,29,"
15","Milwaukee Bucks",3257,8731,"
Jason Kidd",23,22
"
DeAndre Liggins",18,NULL,0.537,SG,29,"
3","New Orleans Pelicans",3500,9161,"
Alvin Gentry",48,34
"
DeAndre' Bembry",53,136,0.457,SF,23,"
25","Atlanta Hawks",3130,8475,"
Mike Budenholzer",24,58
"
Dejounte Murray",270,654,0.451,PG,21,"
27","San Antonio Spurs",3202,8424,"
Gregg Popovich",47,35
"
Delon Wright",201,555,0.53,PG,25,"
4","Toronto Raptors",3383,9156,"
Dwane Casey",59,23
"
DeMar DeRozan",645,1840,0.488,SG,28,"
4","Toronto Raptors",3383,9156,"
Dwane Casey",59,23
"
DeMarcus Cousins",406,1210,0.53,C,27,"
3","New Orleans Pelicans",3500,9161,"
Alvin Gentry",48,34
"
DeMarre Carroll",325,983,0.506,SF,31,"
14","Brooklyn Nets",3136,8741,"
Kenny Atkinson",28,54
"
Demetrius Jackson",4,NULL,0.286,PG,23,"
2","Houston Rockets",3174,9213,"
Mike D'Antoni",65,17
"
Demetrius Jackson",3,8,0.875,PG,23,"
7","Philadelphia 76ers",3349,9004,"
Brett Brown",52,30
"
Dennis Schroder",500,1301,0.469,PG,24,"
25","Atlanta Hawks",3130,8475,"
Mike Budenholzer",24,58
"
Dennis Smith",404,1048,0.446,PG,20,"
28","Dallas Mavericks",3128,8390,"
Rick Carlisle",24,58
"
Denzel Valentine",301,783,0.517,SG,24,"
26","Chicago Bulls",3170,8440,"
Fred Hoiberg",27,55
"
Derrick Favors",395,944,0.573,C,26,"
19","Utah Jazz",3139,8540,"
Quin Snyder",48,34
"
Derrick Jones",19,52,0.418,SF,20,"
23","Miami Heat",3184,8480,"
Erik Spoelstra",44,38
"
Derrick Jones",2,9,0.5,SF,20,"
21","Phoenix Suns",3153,8522,"
Jay Triano",21,58
"
Derrick Jones",2,9,0.5,SF,20,"
21","Phoenix Suns",3153,8522,"
Earl Watson",0,3
"
Derrick Rose",58,157,0.462,PG,29,"
5","Cleveland Cavaliers",3311,9091,"
Tyronn Lue",50,32
"
Derrick Rose",23,52,0.435,PG,29,"
8","Minnesota Timberwolves",3365,8980,"
Tom Thibodeau",47,35
"
Derrick Walton",8,29,0.46,PG,22,"
23","Miami Heat",3184,8480,"
Erik Spoelstra",44,38
"
Derrick White",16,54,0.606,PG,23,"
27","San Antonio Spurs",3202,8424,"
Gregg Popovich",47,35
"
Derrick Williams",1,NULL,0.25,PF,26,"
11","Los Angeles Lakers",3338,8862,"
Luke Walton",35,47
"
Devin Booker",455,1346,0.501,SG,21,"
21","Phoenix Suns",3153,8522,"
Jay Triano",21,58
"
Devin Booker",455,1346,0.501,SG,21,"
21","Phoenix Suns",3153,8522,"
Earl Watson",0,3
"
Devin Harris",118,373,0.493,PG,34,"
28","Dallas Mavericks",3128,8390,"
Rick Carlisle",24,58
"
Devin Harris",69,222,0.509,PG,34,"
6","Denver Nuggets",3338,9020,"
Mike Malone",46,36
"
Devin Robinson",1,NULL,0,SF,22,"
13","Washington Wizards",3275,8742,"
Scott Brooks",43,39
"
Dewayne Dedmon",250,617,0.577,C,28,"
25","Atlanta Hawks",3130,8475,"
Mike Budenholzer",24,58
"
Deyonta Davis",161,NULL,38,C,21,"
29","Memphis Grizzlies",3013,8145,"
J.B. Bickerstaff",15,48
"
Deyonta Davis",161,NULL,38,C,21,"
29","Memphis Grizzlies",3013,8145,"
David Fizdale",7,12
"
Dillon Brooks",340,898,0.501,SF,22,"
29","Memphis Grizzlies",3013,8145,"
J.B. Bickerstaff",15,48
"
Dillon Brooks",340,898,0.501,SF,22,"
29","Memphis Grizzlies",3013,8145,"
David Fizdale",7,12
"
Dion Waiters",163,429,0.461,SG,26,"
23","Miami Heat",3184,8480,"
Erik Spoelstra",44,38
"
Dirk Nowitzki",346,927,0.547,C,39,"
28","Dallas Mavericks",3128,8390,"
Rick Carlisle",24,58
"
Domantas Sabonis",340,861,0.524,C,21,"
17","Indiana Pacers",3345,8656,"
Nate McMillan",48,34
"
Donovan Mitchell",595,1616,0.506,SG,21,"
19","Utah Jazz",3139,8540,"
Quin Snyder",48,34
"
Dorian Finney-Smith",46,123,0.463,PF,24,"
28","Dallas Mavericks",3128,8390,"
Rick Carlisle",24,58
"
Doug McDermott",86,235,0.586,SF,26,"
28","Dallas Mavericks",3128,8390,"
Rick Carlisle",24,58
"
Doug McDermott",151,395,0.541,SF,26,"
18","New York Knicks",3334,8566,"
Jeff Hornacek",29,53
"
Dragan Bender",187,531,0.508,PF,20,"
21","Phoenix Suns",3153,8522,"
Jay Triano",21,58
"
Dragan Bender",187,531,0.508,PF,20,"
21","Phoenix Suns",3153,8522,"
Earl Watson",0,3
"
Draymond Green",281,773,0.516,PF,27,"
1","Golden State Warriors",3509,9304,"
Steve Kerr",58,24
"
Dwayne Bacon",72,175,0.404,SG,22,"
10","Charlotte Hornets",3197,8874,"
Steve Clifford",36,46
"
Dwight Buycks",82,215,0.452,PG,28,"
22","Detroit Pistons",3208,8509,"
Stan Van Gundy",39,43
"
Dwight Howard",506,1347,0.556,C,32,"
10","Charlotte Hornets",3197,8874,"
Steve Clifford",36,46
"
Dwight Powell",255,671,0.626,C,26,"
28","Dallas Mavericks",3128,8390,"
Rick Carlisle",24,58
"
Dwyane Wade",198,513,0.482,SG,36,"
5","Cleveland Cavaliers",3311,9091,"
Tyronn Lue",50,32
"
Dwyane Wade",101,252,0.427,SG,36,"
23","Miami Heat",3184,8480,"
Erik Spoelstra",44,38
"
E'Twaun Moore",423,1022,0.585,SG,28,"
3","New Orleans Pelicans",3500,9161,"
Alvin Gentry",48,34
"
Ed Davis",170,414,0.582,C,28,"
16","Portland Trail Blazers",3222,8661,"
Terry Stotts",49,33
"
Edmond Sumner",1,NULL,0,PG,22,"
17","Indiana Pacers",3345,8656,"
Nate McMillan",48,34
"
Ekpe Udoh",60,162,0.5,C,30,"
19","Utah Jazz",3139,8540,"
Quin Snyder",48,34
"
Elfrid Payton",238,573,0.547,PG,23,"
24","Orlando Magic",3182,8479,"
Frank Vogel",25,57
"
Elfrid Payton",91,224,0.447,PG,23,"
21","Phoenix Suns",3153,8522,"
Jay Triano",21,58
"
Elfrid Payton",91,224,0.447,PG,23,"
21","Phoenix Suns",3153,8522,"
Earl Watson",0,3
"
Emeka Okafor",48,NULL,18,C,35,"
3","New Orleans Pelicans",3500,9161,"
Alvin Gentry",48,34
"
Emmanuel Mudiay",129,359,0.46,PG,21,"
6","Denver Nuggets",3338,9020,"
Mike Malone",46,36
"
Emmanuel Mudiay",75,194,0.39,PG,21,"
18","New York Knicks",3334,8566,"
Jeff Hornacek",29,53
"
Enes Kanter",422,1000,0.592,C,25,"
18","New York Knicks",3334,8566,"
Jeff Hornacek",29,53
"
Eric Bledsoe",452,1266,0.54,PG,28,"
15","Milwaukee Bucks",3257,8731,"
Joe Prunty",21,16
"
Eric Bledsoe",452,1266,0.54,PG,28,"
15","Milwaukee Bucks",3257,8731,"
Jason Kidd",23,22
"
Eric Bledsoe",16,47,0.45,PG,28,"
21","Phoenix Suns",3153,8522,"
Jay Triano",21,58
"
Eric Bledsoe",16,47,0.45,PG,28,"
21","Phoenix Suns",3153,8522,"
Earl Watson",0,3
"
Eric Gordon",415,1243,0.54,SG,29,"
2","Houston Rockets",3174,9213,"
Mike D'Antoni",65,17
"
Eric Moreland",66,NULL,11,PF,26,"
22","Detroit Pistons",3208,8509,"
Stan Van Gundy",39,43
"
Erik McCree",0,NULL,0,SF,24,"
19","Utah Jazz",3139,8540,"
Quin Snyder",48,34
"
Ersan Ilyasova",184,501,0.535,PF,30,"
25","Atlanta Hawks",3130,8475,"
Mike Budenholzer",24,58
"
Ersan Ilyasova",93,249,0.509,PF,30,"
7","Philadelphia 76ers",3349,9004,"
Brett Brown",52,30
"
Evan Fournier",368,1013,0.538,SF,25,"
24","Orlando Magic",3182,8479,"
Frank Vogel",25,57
"
Evan Turner",258,649,0.484,SF,29,"
16","Portland Trail Blazers",3222,8661,"
Terry Stotts",49,33
"
Frank Kaminsky",307,873,0.501,PF,24,"
10","Charlotte Hornets",3197,8874,"
Steve Clifford",36,46
"
Frank Mason",144,413,0.42,PG,23,"
30","Sacramento Kings",3179,8104,"
Dave Joerger",27,55
"
Frank Ntilikina",182,463,0.414,PG,19,"
18","New York Knicks",3334,8566,"
Jeff Hornacek",29,53
"
Fred VanVleet",232,656,0.525,PG,23,"
4","Toronto Raptors",3383,9156,"
Dwane Casey",59,23
"
Furkan Korkmaz",8,23,0.375,SG,20,"
7","Philadelphia 76ers",3349,9004,"
Brett Brown",52,30
"
Garrett Temple",199,547,0.512,SG,31,"
30","Sacramento Kings",3179,8104,"
Dave Joerger",27,55
"
Gary Harris",440,1170,0.57,SG,23,"
6","Denver Nuggets",3338,9020,"
Mike Malone",46,36
"
Gary Payton",17,39,0.463,PG,25,"
11","Los Angeles Lakers",3338,8862,"
Luke Walton",35,47
"
Gary Payton",13,30,0.424,PG,25,"
15","Milwaukee Bucks",3257,8731,"
Joe Prunty",21,16
"
Gary Payton",13,30,0.424,PG,25,"
15","Milwaukee Bucks",3257,8731,"
Jason Kidd",23,22
"
George Hill",83,226,0.516,PG,31,"
5","Cleveland Cavaliers",3311,9091,"
Tyronn Lue",50,32
"
George Hill",153,441,0.558,PG,31,"
30","Sacramento Kings",3179,8104,"
Dave Joerger",27,55
"
Georges Niang",4,9,0.364,PF,24,"
19","Utah Jazz",3139,8540,"
Quin Snyder",48,34
"
Georgios Papagiannis",1,NULL,0,C,20,"
16","Portland Trail Blazers",3222,8661,"
Terry Stotts",49,33
"
Georgios Papagiannis",17,NULL,0,C,20,"
30","Sacramento Kings",3179,8104,"
Dave Joerger",27,55
"
Gerald Green",168,497,0.54,SG,32,"
2","Houston Rockets",3174,9213,"
Mike D'Antoni",65,17
"
Gian Clavell",6,20,0.5,SG,24,"
28","Dallas Mavericks",3128,8390,"
Rick Carlisle",24,58
"
Giannis Antetokounmpo",742,2014,0.545,PF,23,"
15","Milwaukee Bucks",3257,8731,"
Joe Prunty",21,16
"
Giannis Antetokounmpo",742,2014,0.545,PF,23,"
15","Milwaukee Bucks",3257,8731,"
Jason Kidd",23,22
"
Glenn Robinson",36,95,0.506,SF,24,"
17","Indiana Pacers",3345,8656,"
Nate McMillan",48,34
"
Goran Dragic",484,1296,0.502,PG,31,"
23","Miami Heat",3184,8480,"
Erik Spoelstra",44,38
"
Gordon Hayward",1,NULL,0.5,SF,27,"
20","Boston Celtics",3141,8529,"
Brad Stevens",55,27
"
Gorgui Dieng",186,470,0.504,C,28,"
8","Minnesota Timberwolves",3365,8980,"
Tom Thibodeau",47,35
"
Greg Monroe",105,NULL,55,C,27,"
20","Boston Celtics",3141,8529,"
Brad Stevens",55,27
"
Greg Monroe",16,NULL,2,C,27,"
15","Milwaukee Bucks",3257,8731,"
Joe Prunty",21,16
"
Greg Monroe",16,NULL,2,C,27,"
15","Milwaukee Bucks",3257,8731,"
Jason Kidd",23,22
"
Greg Monroe",97,NULL,31,C,27,"
21","Phoenix Suns",3153,8522,"
Jay Triano",21,58
"
Greg Monroe",97,NULL,31,C,27,"
21","Phoenix Suns",3153,8522,"
Earl Watson",0,3
"
Guerschon Yabusele",26,79,0.525,PF,22,"
20","Boston Celtics",3141,8529,"
Brad Stevens",55,27
"
Harrison Barnes",537,1452,0.494,PF,25,"
28","Dallas Mavericks",3128,8390,"
Rick Carlisle",24,58
"
Hassan Whiteside",312,754,0.542,C,28,"
23","Miami Heat",3184,8480,"
Erik Spoelstra",44,38
"
Henry Ellenson",53,151,0.432,PF,21,"
22","Detroit Pistons",3208,8509,"
Stan Van Gundy",39,43
"
Ian Clark",222,551,0.511,SG,26,"
3","New Orleans Pelicans",3500,9161,"
Alvin Gentry",48,34
"
Ian Mahinmi",138,366,0.556,C,31,"
13","Washington Wizards",3275,8742,"
Scott Brooks",43,39
"
Ike Anigbogu",4,NULL,5,C,19,"
17","Indiana Pacers",3345,8656,"
Nate McMillan",48,34
"
Iman Shumpert",22,62,0.44,SG,27,"
5","Cleveland Cavaliers",3311,9091,"
Tyronn Lue",50,32
"
Isaiah Canaan",0,NULL,0,PG-SG,26,"
2","Houston Rockets",3174,9213,"
Mike D'Antoni",65,17
"
Isaiah Canaan",52,172,0.463,PG-SG,26,"
21","Phoenix Suns",3153,8522,"
Jay Triano",21,58
"
Isaiah Canaan",52,172,0.463,PG-SG,26,"
21","Phoenix Suns",3153,8522,"
Earl Watson",0,3
"
Isaiah Hicks",33,80,0.472,PF,23,"
18","New York Knicks",3334,8566,"
Jeff Hornacek",29,53
"
Isaiah Taylor",163,445,0.444,PG,23,"
25","Atlanta Hawks",3130,8475,"
Mike Budenholzer",24,58
"
Isaiah Thomas",70,221,0.418,PG,28,"
5","Cleveland Cavaliers",3311,9091,"
Tyronn Lue",50,32
"
Isaiah Thomas",87,265,0.456,PG,28,"
11","Los Angeles Lakers",3338,8862,"
Luke Walton",35,47
"
Isaiah Whitehead",40,100,0.506,PG,22,"
14","Brooklyn Nets",3136,8741,"
Kenny Atkinson",28,54
"
Ish Smith",389,894,0.507,PG,29,"
22","Detroit Pistons",3208,8509,"
Stan Van Gundy",39,43
"
Ivan Rabb",86,NULL,29,PF,20,"
29","Memphis Grizzlies",3013,8145,"
J.B. Bickerstaff",15,48
"
Ivan Rabb",86,NULL,29,PF,20,"
29","Memphis Grizzlies",3013,8145,"
David Fizdale",7,12
"
Ivica Zubac",61,161,0.5,C,20,"
11","Los Angeles Lakers",3338,8862,"
Luke Walton",35,47
"
J.J. Barea",303,801,0.522,PG,33,"
28","Dallas Mavericks",3128,8390,"
Rick Carlisle",24,58
"
J.J. Redick",404,1198,0.569,SG,33,"
7","Philadelphia 76ers",3349,9004,"
Brett Brown",52,30
"
J.R. Smith",240,662,0.524,SG,32,"
5","Cleveland Cavaliers",3311,9091,"
Tyronn Lue",50,32
"
Jabari Bird",15,39,0.635,SG,23,"
20","Boston Celtics",3141,8529,"
Brad Stevens",55,27
"
Jabari Parker",160,391,0.529,PF,22,"
15","Milwaukee Bucks",3257,8731,"
Joe Prunty",21,16
"
Jabari Parker",160,391,0.529,PF,22,"
15","Milwaukee Bucks",3257,8731,"
Jason Kidd",23,22
"
Jack Cooley",13,NULL,14,PF,26,"
30","Sacramento Kings",3179,8104,"
Dave Joerger",27,55
"
Jacob Pullen",1,NULL,0.5,PG,28,"
7","Philadelphia 76ers",3349,9004,"
Brett Brown",52,30
"
Jacob Wiley",1,4,0.375,PF,23,"
14","Brooklyn Nets",3136,8741,"
Kenny Atkinson",28,54
"
Jae Crowder",157,454,0.5,SF,27,"
5","Cleveland Cavaliers",3311,9091,"
Tyronn Lue",50,32
"
Jae Crowder",114,319,0.468,SF,27,"
19","Utah Jazz",3139,8540,"
Quin Snyder",48,34
"
Jahlil Okafor",73,166,0.57,C,22,"
14","Brooklyn Nets",3136,8741,"
Kenny Atkinson",28,54
"
Jahlil Okafor",4,NULL,2,C,22,"
7","Philadelphia 76ers",3349,9004,"
Brett Brown",52,30
"
JaKarr Sampson",44,103,0.574,SF,24,"
30","Sacramento Kings",3179,8104,"
Dave Joerger",27,55
"
Jake Layman",14,34,0.34,SF,23,"
16","Portland Trail Blazers",3222,8661,"
Terry Stotts",49,33
"
Jakob Poeltl",253,567,0.66,C,22,"
4","Toronto Raptors",3383,9156,"
Dwane Casey",59,23
"
Jalen Jones",25,69,0.461,SF,24,"
28","Dallas Mavericks",3128,8390,"
Rick Carlisle",24,58
"
Jalen Jones",1,5,0.375,SF,24,"
3","New Orleans Pelicans",3500,9161,"
Alvin Gentry",48,34
"
Jamal Crawford",308,822,0.485,SG,37,"
8","Minnesota Timberwolves",3365,8980,"
Tom Thibodeau",47,35
"
Jamal Murray",479,1352,0.529,PG,20,"
6","Denver Nuggets",3338,9020,"
Mike Malone",46,36
"
Jameel Warney",7,NULL,3,PF,24,"
28","Dallas Mavericks",3128,8390,"
Rick Carlisle",24,58
"
Jameer Nelson",11,26,0.295,PG,35,"
22","Detroit Pistons",3208,8509,"
Stan Van Gundy",39,43
"
Jameer Nelson",84,221,0.507,PG,35,"
3","New Orleans Pelicans",3500,9161,"
Alvin Gentry",48,34
"
Jamel Artis",31,77,0.443,SG,25,"
24","Orlando Magic",3182,8479,"
Frank Vogel",25,57
"
James Ennis",74,202,0.522,SF,27,"
22","Detroit Pistons",3208,8509,"
Stan Van Gundy",39,43
"
James Ennis",108,310,0.554,SF,27,"
29","Memphis Grizzlies",3013,8145,"
J.B. Bickerstaff",15,48
"
James Ennis",108,310,0.554,SF,27,"
29","Memphis Grizzlies",3013,8145,"
David Fizdale",7,12
"
James Harden",651,2191,0.541,SG,28,"
2","Houston Rockets",3174,9213,"
Mike D'Antoni",65,17
"
James Johnson",309,788,0.55,PF,30,"
23","Miami Heat",3184,8480,"
Erik Spoelstra",44,38
"
James Michael McAdoo",2,NULL,2,PF,25,"
7","Philadelphia 76ers",3349,9004,"
Brett Brown",52,30
"
James Webb",6,NULL,0.333,SF,24,"
14","Brooklyn Nets",3136,8741,"
Kenny Atkinson",28,54
"
James Young",5,17,0.464,SG,22,"
7","Philadelphia 76ers",3349,9004,"
Brett Brown",52,30
"
Jamil Wilson",38,105,0.636,SF,27,"
9","Los Angeles Clippers",3302,8937,"
Doc Rivers",42,40
"
JaMychal Green",223,569,0.501,PF,27,"
29","Memphis Grizzlies",3013,8145,"
J.B. Bickerstaff",15,48
"
JaMychal Green",223,569,0.501,PF,27,"
29","Memphis Grizzlies",3013,8145,"
David Fizdale",7,12
"
Jared Dudley",48,152,0.512,PF,32,"
21","Phoenix Suns",3153,8522,"
Jay Triano",21,58
"
Jared Dudley",48,152,0.512,PF,32,"
21","Phoenix Suns",3153,8522,"
Earl Watson",0,3
"
Jarell Eddie",0,NULL,0,SF,26,"
20","Boston Celtics",3141,8529,"
Brad Stevens",55,27
"
Jarell Eddie",0,NULL,0,SF,26,"
26","Chicago Bulls",3170,8440,"
Fred Hoiberg",27,55
"
Jarell Martin",221,565,0.48,PF,23,"
29","Memphis Grizzlies",3013,8145,"
J.B. Bickerstaff",15,48
"
Jarell Martin",221,565,0.48,PF,23,"
29","Memphis Grizzlies",3013,8145,"
David Fizdale",7,12
"
Jarrett Allen",234,587,0.596,C,19,"
14","Brooklyn Nets",3136,8741,"
Kenny Atkinson",28,54
"
Jarrett Jack",189,466,0.455,PG,34,"
18","New York Knicks",3334,8566,"
Jeff Hornacek",29,53
"
Jason Smith",45,113,0.409,C,31,"
13","Washington Wizards",3275,8742,"
Scott Brooks",43,39
"
Jason Terry",59,166,0.513,SG,40,"
15","Milwaukee Bucks",3257,8731,"
Joe Prunty",21,16
"
Jason Terry",59,166,0.513,SG,40,"
15","Milwaukee Bucks",3257,8731,"
Jason Kidd",23,22
"
JaVale McGee",136,310,0.621,C,30,"
1","Golden State Warriors",3509,9304,"
Steve Kerr",58,24
"
Jawun Evans",89,231,0.381,PG,21,"
9","Los Angeles Clippers",3302,8937,"
Doc Rivers",42,40
"
Jaylen Brown",373,1017,0.54,SG,21,"
20","Boston Celtics",3141,8529,"
Brad Stevens",55,27
"
Jaylen Morris",13,NULL,0.438,SG,22,"
25","Atlanta Hawks",3130,8475,"
Mike Budenholzer",24,58
"
Jayson Tatum",397,1112,0.538,SF,19,"
20","Boston Celtics",3141,8529,"
Brad Stevens",55,27
"
Jeff Green",295,846,0.52,PF,31,"
5","Cleveland Cavaliers",3311,9091,"
Tyronn Lue",50,32
"
Jeff Teague",354,994,0.499,PG,29,"
8","Minnesota Timberwolves",3365,8980,"
Tom Thibodeau",47,35
"
Jeff Withey",6,15,0.438,C,27,"
28","Dallas Mavericks",3128,8390,"
Rick Carlisle",24,58
"
Jerami Grant",244,682,0.57,PF,23,"
12","Oklahoma City Thunder",3271,8844,"
Billy Donovan",48,34
"
Jeremy Evans",1,NULL,0,SF,30,"
25","Atlanta Hawks",3130,8475,"
Mike Budenholzer",24,58
"
Jeremy Lamb",380,1033,0.513,SG,25,"
10","Charlotte Hornets",3197,8874,"
Steve Clifford",36,46
"
Jeremy Lin",5,18,0.458,PG,29,"
14","Brooklyn Nets",3136,8741,"
Kenny Atkinson",28,54
"
Jerian Grant",209,619,0.476,PG,25,"
26","Chicago Bulls",3170,8440,"
Fred Hoiberg",27,55
"
Jerryd Bayless",109,307,0.519,SG,29,"
7","Philadelphia 76ers",3349,9004,"
Brett Brown",52,30
"
Jimmy Butler",437,1307,0.512,SG,28,"
8","Minnesota Timberwolves",3365,8980,"
Tom Thibodeau",47,35
"
Joakim Noah",5,NULL,2,C,32,"
18","New York Knicks",3334,8566,"
Jeff Hornacek",29,53
"
Jodie Meeks",157,487,0.491,SG,30,"
13","Washington Wizards",3275,8742,"
Scott Brooks",43,39
"
Joe Harris",305,846,0.612,SG,26,"
14","Brooklyn Nets",3136,8741,"
Kenny Atkinson",28,54
"
Joe Ingles",335,940,0.609,SF,30,"
19","Utah Jazz",3139,8540,"
Quin Snyder",48,34
"
Joe Johnson",51,139,0.444,SF,36,"
2","Houston Rockets",3174,9213,"
Mike D'Antoni",65,17
"
Joe Johnson",95,233,0.471,SF,36,"
19","Utah Jazz",3139,8540,"
Quin Snyder",48,34
"
Joe Young",80,207,0.497,PG,25,"
17","Indiana Pacers",3345,8656,"
Nate McMillan",48,34
"
Joel Bolomboy",3,9,0.5,PF,24,"
15","Milwaukee Bucks",3257,8731,"
Joe Prunty",21,16
"
Joel Bolomboy",3,9,0.5,PF,24,"
15","Milwaukee Bucks",3257,8731,"
Jason Kidd",23,22
"
Joel Embiid",510,1445,0.514,C,23,"
7","Philadelphia 76ers",3349,9004,"
Brett Brown",52,30
"
Joffrey Lauvergne",98,226,0.516,C,26,"
27","San Antonio Spurs",3202,8424,"
Gregg Popovich",47,35
"
John Collins",314,777,0.591,PF,20,"
25","Atlanta Hawks",3130,8475,"
Mike Budenholzer",24,58
"
John Henson",287,665,0.573,C,27,"
15","Milwaukee Bucks",3257,8731,"
Joe Prunty",21,16
"
John Henson",287,665,0.573,C,27,"
15","Milwaukee Bucks",3257,8731,"
Jason Kidd",23,22
"
John Holland",17,54,0.381,SF,29,"
5","Cleveland Cavaliers",3311,9091,"
Tyronn Lue",50,32
"
John Wall",280,797,0.466,PG,27,"
13","Washington Wizards",3275,8742,"
Scott Brooks",43,39
"
Johnathan Motley",40,96,0.54,PF,22,"
28","Dallas Mavericks",3128,8390,"
Rick Carlisle",24,58
"
Johnny O'Bryant",68,171,0.439,PF,24,"
10","Charlotte Hornets",3197,8874,"
Steve Clifford",36,46
"
Jon Leuer",15,43,0.417,PF,28,"
22","Detroit Pistons",3208,8509,"
Stan Van Gundy",39,43
"
Jonas Jerebko",159,429,0.562,PF,30,"
19","Utah Jazz",3139,8540,"
Quin Snyder",48,34
"
Jonas Valanciunas",390,980,0.59,C,25,"
4","Toronto Raptors",3383,9156,"
Dwane Casey",59,23
"
Jonathan Gibson",14,NULL,0.739,PG,30,"
20","Boston Celtics",3141,8529,"
Brad Stevens",55,27
"
Jonathan Isaac",55,145,0.434,PF,20,"
24","Orlando Magic",3182,8479,"
Frank Vogel",25,57
"
Jonathon Simmons",354,962,0.511,SG,28,"
24","Orlando Magic",3182,8479,"
Frank Vogel",25,57
"
Jordan Bell",116,262,0.627,C,23,"
1","Golden State Warriors",3509,9304,"
Steve Kerr",58,24
"
Jordan Clarkson",131,353,0.533,SG,25,"
5","Cleveland Cavaliers",3311,9091,"
Tyronn Lue",50,32
"
Jordan Clarkson",299,771,0.499,SG,25,"
11","Los Angeles Lakers",3338,8862,"
Luke Walton",35,47
"
Jordan Crawford",12,33,0.593,SG,29,"
3","New Orleans Pelicans",3500,9161,"
Alvin Gentry",48,34
"
Jordan Mickey",39,93,0.488,PF,23,"
23","Miami Heat",3184,8480,"
Erik Spoelstra",44,38
"
Jose Calderon",93,255,0.624,PG,36,"
5","Cleveland Cavaliers",3311,9091,"
Tyronn Lue",50,32
"
Josh Gray",11,32,0.305,PG,24,"
21","Phoenix Suns",3153,8522,"
Jay Triano",21,58
"
Josh Gray",11,32,0.305,PG,24,"
21","Phoenix Suns",3153,8522,"
Earl Watson",0,3
"
Josh Hart",176,496,0.573,SG,22,"
11","Los Angeles Lakers",3338,8862,"
Luke Walton",35,47
"
Josh Huestis",60,159,0.42,PF,26,"
12","Oklahoma City Thunder",3271,8844,"
Billy Donovan",48,34
"
Josh Jackson",389,1012,0.448,SF,20,"
21","Phoenix Suns",3153,8522,"
Jay Triano",21,58
"
Josh Jackson",389,1012,0.448,SF,20,"
21","Phoenix Suns",3153,8522,"
Earl Watson",0,3
"
Josh Magette",15,46,0.413,PG,28,"
25","Atlanta Hawks",3130,8475,"
Mike Budenholzer",24,58
"
Josh McRoberts",0,NULL,0,PF,30,"
28","Dallas Mavericks",3128,8390,"
Rick Carlisle",24,58
"
Josh Richardson",399,1045,0.523,SF,24,"
23","Miami Heat",3184,8480,"
Erik Spoelstra",44,38
"
Josh Smith",1,NULL,0,PF,32,"
3","New Orleans Pelicans",3500,9161,"
Alvin Gentry",48,34
"
Jrue Holiday",615,1537,0.543,SG,27,"
3","New Orleans Pelicans",3500,9161,"
Alvin Gentry",48,34
"
Juan Hernangomez",29,82,0.48,PF,22,"
6","Denver Nuggets",3338,9020,"
Mike Malone",46,36
"
Julius Randle",504,1323,0.563,C,23,"
11","Los Angeles Lakers",3338,8862,"
Luke Walton",35,47
"
Julyan Stone",6,NULL,1,SG,29,"
10","Charlotte Hornets",3197,8874,"
Steve Clifford",36,46
"
Justin Anderson",87,236,0.515,SF,24,"
7","Philadelphia 76ers",3349,9004,"
Brett Brown",52,30
"
Justin Holiday",290,876,0.474,SG,28,"
26","Chicago Bulls",3170,8440,"
Fred Hoiberg",27,55
"
Justin Jackson",185,453,0.51,SF,22,"
30","Sacramento Kings",3179,8104,"
Dave Joerger",27,55
"
Justin Patton",1,NULL,0,C,20,"
8","Minnesota Timberwolves",3365,8980,"
Tom Thibodeau",47,35
"
Justise Winslow",207,529,0.474,PF,21,"
23","Miami Heat",3184,8480,"
Erik Spoelstra",44,38
"
Jusuf Nurkic",480,1132,0.505,C,23,"
16","Portland Trail Blazers",3222,8661,"
Terry Stotts",49,33
"
Kadeem Allen",6,19,0.273,PG,25,"
20","Boston Celtics",3141,8529,"
Brad Stevens",55,27
"
Karl-Anthony Towns",639,1743,0.596,C,22,"
8","Minnesota Timberwolves",3365,8980,"
Tom Thibodeau",47,35
"
Kawhi Leonard",52,146,0.518,SF,26,"
27","San Antonio Spurs",3202,8424,"
Gregg Popovich",47,35
"
Kay Felder",20,55,0.333,PG,22,"
26","Chicago Bulls",3170,8440,"
Fred Hoiberg",27,55
"
Kay Felder",1,NULL,0.25,PG,22,"
22","Detroit Pistons",3208,8509,"
Stan Van Gundy",39,43
"
Kelly Olynyk",316,872,0.58,PF,26,"
23","Miami Heat",3184,8480,"
Erik Spoelstra",44,38
"
Kelly Oubre",318,953,0.482,SF,22,"
13","Washington Wizards",3275,8742,"
Scott Brooks",43,39
"
Kemba Walker",588,1770,0.516,PG,27,"
10","Charlotte Hornets",3197,8874,"
Steve Clifford",36,46
"
Kendrick Perkins",1,NULL,1,C,33,"
5","Cleveland Cavaliers",3311,9091,"
Tyronn Lue",50,32
"
Kenneth Faried",76,188,0.514,PF,28,"
6","Denver Nuggets",3338,9020,"
Mike Malone",46,36
"
Kent Bazemore",284,836,0.5,SG,28,"
25","Atlanta Hawks",3130,8475,"
Mike Budenholzer",24,58
"
Kentavious Caldwell-Pope",340,992,0.526,SG,24,"
11","Los Angeles Lakers",3338,8862,"
Luke Walton",35,47
"
Kevin Durant",630,1792,0.586,PF,29,"
1","Golden State Warriors",3509,9304,"
Steve Kerr",58,24
"
Kevin Love",334,1039,0.552,C,29,"
5","Cleveland Cavaliers",3311,9091,"
Tyronn Lue",50,32
"
Kevon Looney",112,267,0.583,C,21,"
1","Golden State Warriors",3509,9304,"
Steve Kerr",58,24
"
Khem Birch",68,NULL,42,C,25,"
24","Orlando Magic",3182,8479,"
Frank Vogel",25,57
"
Khris Middleton",593,1652,0.524,SF,26,"
15","Milwaukee Bucks",3257,8731,"
Joe Prunty",21,16
"
Khris Middleton",593,1652,0.524,SF,26,"
15","Milwaukee Bucks",3257,8731,"
Jason Kidd",23,22
"
Klay Thompson",575,1461,0.585,SG,27,"
1","Golden State Warriors",3509,9304,"
Steve Kerr",58,24
"
Kobi Simmons",80,196,0.452,PG,20,"
29","Memphis Grizzlies",3013,8145,"
J.B. Bickerstaff",15,48
"
Kobi Simmons",80,196,0.452,PG,20,"
29","Memphis Grizzlies",3013,8145,"
David Fizdale",7,12
"
Kosta Koufos",222,NULL,33,C,28,"
30","Sacramento Kings",3179,8104,"
Dave Joerger",27,55
"
Kris Dunn",286,699,0.462,PG,23,"
26","Chicago Bulls",3170,8440,"
Fred Hoiberg",27,55
"
Kristaps Porzingis",390,1088,0.489,PF,22,"
18","New York Knicks",3334,8566,"
Jeff Hornacek",29,53
"
Kyle Anderson",231,585,0.549,SF,24,"
27","San Antonio Spurs",3202,8424,"
Gregg Popovich",47,35
"
Kyle Collinsworth",38,101,0.404,SF,26,"
28","Dallas Mavericks",3128,8390,"
Rick Carlisle",24,58
"
Kyle Korver",222,672,0.628,SG,36,"
5","Cleveland Cavaliers",3311,9091,"
Tyronn Lue",50,32
"
Kyle Kuzma",468,1242,0.527,PF,22,"
11","Los Angeles Lakers",3338,8862,"
Luke Walton",35,47
"
Kyle Lowry",403,1267,0.553,PG,31,"
4","Toronto Raptors",3383,9156,"
Dwane Casey",59,23
"
Kyle O'Quinn",224,550,0.589,C,27,"
18","New York Knicks",3334,8566,"
Jeff Hornacek",29,53
"
Kyle Singler",7,23,0.381,SF,29,"
12","Oklahoma City Thunder",3271,8844,"
Billy Donovan",48,34
"
Kyrie Irving",534,1466,0.568,PG,25,"
20","Boston Celtics",3141,8529,"
Brad Stevens",55,27
"
LaMarcus Aldridge",687,1735,0.52,C,32,"
27","San Antonio Spurs",3202,8424,"
Gregg Popovich",47,35
"
Lance Stephenson",303,757,0.475,SG,27,"
17","Indiana Pacers",3345,8656,"
Nate McMillan",48,34
"
Lance Thomas",102,298,0.476,PF,29,"
18","New York Knicks",3334,8566,"
Jeff Hornacek",29,53
"
Langston Galloway",126,360,0.481,SG,26,"
22","Detroit Pistons",3208,8509,"
Stan Van Gundy",39,43
"
Larry Drew",6,NULL,0.441,PG,27,"
3","New Orleans Pelicans",3500,9161,"
Alvin Gentry",48,34
"
Larry Drew",1,NULL,0.143,PG,27,"
7","Philadelphia 76ers",3349,9004,"
Brett Brown",52,30
"
Larry Nance",88,213,0.553,C,25,"
5","Cleveland Cavaliers",3311,9091,"
Tyronn Lue",50,32
"
Larry Nance",152,360,0.603,C,25,"
11","Los Angeles Lakers",3338,8862,"
Luke Walton",35,47
"
Lauri Markkanen",374,1033,0.518,PF,20,"
26","Chicago Bulls",3170,8440,"
Fred Hoiberg",27,55
"
LeBron James",857,2251,0.59,PF,33,"
5","Cleveland Cavaliers",3311,9091,"
Tyronn Lue",50,32
"
London Perrantes",2,7,0.154,PG,23,"
5","Cleveland Cavaliers",3311,9091,"
Tyronn Lue",50,32
"
Lonzo Ball",203,528,0.44,PG,20,"
11","Los Angeles Lakers",3338,8862,"
Luke Walton",35,47
"
Lorenzo Brown",14,32,0.441,PG,27,"
4","Toronto Raptors",3383,9156,"
Dwane Casey",59,23
"
Lou Williams",582,1782,0.505,SG,31,"
9","Los Angeles Clippers",3302,8937,"
Doc Rivers",42,40
"
Luc Mbah a Moute",166,460,0.572,PF,31,"
2","Houston Rockets",3174,9213,"
Mike D'Antoni",65,17
"
Lucas Nogueira",49,122,0.644,C,25,"
4","Toronto Raptors",3383,9156,"
Dwane Casey",59,23
"
Luis Montero",0,NULL,0,SG,24,"
22","Detroit Pistons",3208,8509,"
Stan Van Gundy",39,43
"
Luke Babbitt",80,226,0.622,SF,28,"
25","Atlanta Hawks",3130,8475,"
Mike Budenholzer",24,58
"
Luke Babbitt",11,NULL,0.351,SF,28,"
23","Miami Heat",3184,8480,"
Erik Spoelstra",44,38
"
Luke Kennard",206,558,0.53,SG,21,"
22","Detroit Pistons",3208,8509,"
Stan Van Gundy",39,43
"
Luke Kornet",49,134,0.504,PF,22,"
18","New York Knicks",3334,8566,"
Jeff Hornacek",29,53
"
Luol Deng",1,NULL,0,SF,32,"
11","Los Angeles Lakers",3338,8862,"
Luke Walton",35,47
"
Malachi Richardson",29,87,0.398,SG,22,"
30","Sacramento Kings",3179,8104,"
Dave Joerger",27,55
"
Malachi Richardson",1,NULL,0.5,SG,22,"
4","Toronto Raptors",3383,9156,"
Dwane Casey",59,23
"
Malcolm Brogdon",244,625,0.547,PG,25,"
15","Milwaukee Bucks",3257,8731,"
Joe Prunty",21,16
"
Malcolm Brogdon",244,625,0.547,PG,25,"
15","Milwaukee Bucks",3257,8731,"
Jason Kidd",23,22
"
Malcolm Delaney",109,338,0.463,PG,28,"
25","Atlanta Hawks",3130,8475,"
Mike Budenholzer",24,58
"
Malcolm Miller",13,38,0.607,SF,24,"
4","Toronto Raptors",3383,9156,"
Dwane Casey",59,23
"
Malik Beasley",73,196,0.489,SG,21,"
6","Denver Nuggets",3338,9020,"
Mike Malone",46,36
"
Malik Monk",153,421,0.458,SG,19,"
10","Charlotte Hornets",3197,8874,"
Steve Clifford",36,46
"
Mangok Mathiang",4,NULL,0,C,25,"
10","Charlotte Hornets",3197,8874,"
Steve Clifford",36,46
"
Manu Ginobili",201,576,0.503,SG,40,"
27","San Antonio Spurs",3202,8424,"
Gregg Popovich",47,35
"
Marc Gasol",434,1258,0.473,C,33,"
29","Memphis Grizzlies",3013,8145,"
J.B. Bickerstaff",15,48
"
Marc Gasol",434,1258,0.473,C,33,"
29","Memphis Grizzlies",3013,8145,"
David Fizdale",7,12
"
Marcin Gortat",290,NULL,110,C,33,"
13","Washington Wizards",3275,8742,"
Scott Brooks",43,39
"
Marco Belinelli",199,591,0.505,SG,31,"
25","Atlanta Hawks",3130,8475,"
Mike Budenholzer",24,58
"
Marco Belinelli",138,380,0.597,SG,31,"
7","Philadelphia 76ers",3349,9004,"
Brett Brown",52,30
"
Marcus Georges-Hunt",21,59,0.479,SG,23,"
8","Minnesota Timberwolves",3365,8980,"
Tom Thibodeau",47,35
"
Marcus Morris",262,734,0.499,PF,28,"
20","Boston Celtics",3141,8529,"
Brad Stevens",55,27
"
Marcus Paige",4,12,0.357,PG,24,"
10","Charlotte Hornets",3197,8874,"
Steve Clifford",36,46
"
Marcus Smart",189,550,0.44,SG,23,"
20","Boston Celtics",3141,8529,"
Brad Stevens",55,27
"
Mario Chalmers",168,507,0.439,PG,31,"
29","Memphis Grizzlies",3013,8145,"
J.B. Bickerstaff",15,48
"
Mario Chalmers",168,507,0.439,PG,31,"
29","Memphis Grizzlies",3013,8145,"
David Fizdale",7,12
"
Mario Hezonja",273,722,0.515,SF,22,"
24","Orlando Magic",3182,8479,"
Frank Vogel",25,57
"
Markel Brown",2,NULL,0.357,SG,26,"
2","Houston Rockets",3174,9213,"
Mike D'Antoni",65,17
"
Markelle Fultz",45,100,0.405,SG,19,"
7","Philadelphia 76ers",3349,9004,"
Brett Brown",52,30
"
Markieff Morris",330,841,0.536,PF,28,"
13","Washington Wizards",3275,8742,"
Scott Brooks",43,39
"
Marquese Chriss",202,556,0.482,PF,20,"
21","Phoenix Suns",3153,8522,"
Jay Triano",21,58
"
Marquese Chriss",202,556,0.482,PF,20,"
21","Phoenix Suns",3153,8522,"
Earl Watson",0,3
"
Marquis Teague",4,11,0.281,PG,24,"
29","Memphis Grizzlies",3013,8145,"
J.B. Bickerstaff",15,48
"
Marquis Teague",4,11,0.281,PG,24,"
29","Memphis Grizzlies",3013,8145,"
David Fizdale",7,12
"
Marreese Speights",138,402,0.519,C,30,"
24","Orlando Magic",3182,8479,"
Frank Vogel",25,57
"
Marshall Plumlee",1,NULL,12,C,25,"
15","Milwaukee Bucks",3257,8731,"
Joe Prunty",21,16
"
Marshall Plumlee",1,NULL,12,C,25,"
15","Milwaukee Bucks",3257,8731,"
Jason Kidd",23,22
"
MarShon Brooks",51,141,0.593,SG,29,"
29","Memphis Grizzlies",3013,8145,"
J.B. Bickerstaff",15,48
"
MarShon Brooks",51,141,0.593,SG,29,"
29","Memphis Grizzlies",3013,8145,"
David Fizdale",7,12
"
Marvin Williams",258,744,0.57,PF,31,"
10","Charlotte Hornets",3197,8874,"
Steve Clifford",36,46
"
Mason Plumlee",221,524,0.601,C,27,"
6","Denver Nuggets",3338,9020,"
Mike Malone",46,36
"
Matt Costello",2,NULL,0,C,24,"
27","San Antonio Spurs",3202,8424,"
Gregg Popovich",47,35
"
Matt Williams",2,NULL,0.417,SG,24,"
23","Miami Heat",3184,8480,"
Erik Spoelstra",44,38
"
Matthew Dellavedova",55,164,0.457,PG,27,"
15","Milwaukee Bucks",3257,8731,"
Joe Prunty",21,16
"
Matthew Dellavedova",55,164,0.457,PG,27,"
15","Milwaukee Bucks",3257,8731,"
Jason Kidd",23,22
"
Maurice Harkless",147,385,0.577,SF,24,"
16","Portland Trail Blazers",3222,8661,"
Terry Stotts",49,33
"
Maxi Kleber",151,386,0.553,PF,26,"
28","Dallas Mavericks",3128,8390,"
Rick Carlisle",24,58
"
Meyers Leonard",46,112,0.66,C,25,"
16","Portland Trail Blazers",3222,8661,"
Terry Stotts",49,33
"
Michael Beasley",409,976,0.528,PF,29,"
18","New York Knicks",3334,8566,"
Jeff Hornacek",29,53
"
Michael Carter-Williams",76,239,0.362,PG,26,"
10","Charlotte Hornets",3197,8874,"
Steve Clifford",36,46
"
Michael Kidd-Gilchrist",282,681,0.504,SF,24,"
10","Charlotte Hornets",3197,8874,"
Steve Clifford",36,46
"
Mike Conley",64,205,0.452,PG,30,"
29","Memphis Grizzlies",3013,8145,"
J.B. Bickerstaff",15,48
"
Mike Conley",64,205,0.452,PG,30,"
29","Memphis Grizzlies",3013,8145,"
David Fizdale",7,12
"
Mike James",2,NULL,0.222,PG,27,"
3","New Orleans Pelicans",3500,9161,"
Alvin Gentry",48,34
"
Mike James",121,332,0.429,PG,27,"
21","Phoenix Suns",3153,8522,"
Jay Triano",21,58
"
Mike James",121,332,0.429,PG,27,"
21","Phoenix Suns",3153,8522,"
Earl Watson",0,3
"
Mike Muscala",143,405,0.558,C,26,"
25","Atlanta Hawks",3130,8475,"
Mike Budenholzer",24,58
"
Mike Scott",276,668,0.59,PF,29,"
13","Washington Wizards",3275,8742,"
Scott Brooks",43,39
"
Miles Plumlee",105,NULL,27,C,29,"
25","Atlanta Hawks",3130,8475,"
Mike Budenholzer",24,58
"
Milos Teodosic",151,429,0.542,PG,30,"
9","Los Angeles Clippers",3302,8937,"
Doc Rivers",42,40
"
Milton Doyle",13,34,0.319,SG,24,"
14","Brooklyn Nets",3136,8741,"
Kenny Atkinson",28,54
"
Mindaugas Kuzminskas",0,NULL,0,SF,28,"
18","New York Knicks",3334,8566,"
Jeff Hornacek",29,53
"
Mirza Teletovic",25,NULL,0.623,PF,32,"
15","Milwaukee Bucks",3257,8731,"
Joe Prunty",21,16
"
Mirza Teletovic",25,NULL,0.623,PF,32,"
15","Milwaukee Bucks",3257,8731,"
Jason Kidd",23,22
"
Monte Morris",4,10,0.667,PG,22,"
6","Denver Nuggets",3338,9020,"
Mike Malone",46,36
"
Montrezl Harrell",348,836,0.636,C,24,"
9","Los Angeles Clippers",3302,8937,"
Doc Rivers",42,40
"
Myke Henry",41,107,0.463,SF,25,"
29","Memphis Grizzlies",3013,8145,"
J.B. Bickerstaff",15,48
"
Myke Henry",41,107,0.463,SF,25,"
29","Memphis Grizzlies",3013,8145,"
David Fizdale",7,12
"
Myles Turner",306,828,0.523,C,21,"
17","Indiana Pacers",3345,8656,"
Nate McMillan",48,34
"
Nate Wolters",1,NULL,0,PG,26,"
19","Utah Jazz",3139,8540,"
Quin Snyder",48,34
"
Naz Mitrou-Long",1,NULL,0,SG,24,"
19","Utah Jazz",3139,8540,"
Quin Snyder",48,34
"
Nemanja Bjelica",171,454,0.563,PF,29,"
8","Minnesota Timberwolves",3365,8980,"
Tom Thibodeau",47,35
"
Nene Hilario",136,340,0.569,C,35,"
2","Houston Rockets",3174,9213,"
Mike D'Antoni",65,17
"
Nerlens Noel",55,131,0.524,C,23,"
28","Dallas Mavericks",3128,8390,"
Rick Carlisle",24,58
"
Nick Collison",13,NULL,5,PF,37,"
12","Oklahoma City Thunder",3271,8844,"
Billy Donovan",48,34
"
Nick Young",201,581,0.538,SG,32,"
1","Golden State Warriors",3509,9304,"
Steve Kerr",58,24
"
Nicolas Batum",270,740,0.486,SG,29,"
10","Charlotte Hornets",3197,8874,"
Steve Clifford",36,46
"
Nicolas Brussino",0,NULL,0,SF,24,"
25","Atlanta Hawks",3130,8475,"
Mike Budenholzer",24,58
"
Nigel Hayes",1,3,0.333,SF,23,"
11","Los Angeles Lakers",3338,8862,"
Luke Walton",35,47
"
Nigel Hayes",8,18,0.321,SF,23,"
30","Sacramento Kings",3179,8104,"
Dave Joerger",27,55
"
Nigel Hayes",2,NULL,0,SF,23,"
4","Toronto Raptors",3383,9156,"
Dwane Casey",59,23
"
Nik Stauskas",59,177,0.527,SG,24,"
14","Brooklyn Nets",3136,8741,"
Kenny Atkinson",28,54
"
Nik Stauskas",1,4,0.25,SG,24,"
7","Philadelphia 76ers",3349,9004,"
Brett Brown",52,30
"
Nikola Jokic",504,1385,0.554,C,22,"
6","Denver Nuggets",3338,9020,"
Mike Malone",46,36
"
Nikola Mirotic",143,420,0.588,PF,26,"
26","Chicago Bulls",3170,8440,"
Fred Hoiberg",27,55
"
Nikola Mirotic",163,439,0.513,PF,26,"
3","New Orleans Pelicans",3500,9161,"
Alvin Gentry",48,34
"
Nikola Vucevic",399,939,0.513,C,27,"
24","Orlando Magic",3182,8479,"
Frank Vogel",25,57
"
Noah Vonleh",57,145,0.478,PF,22,"
26","Chicago Bulls",3170,8440,"
Fred Hoiberg",27,55
"
Noah Vonleh",47,119,0.5,PF,22,"
16","Portland Trail Blazers",3222,8661,"
Terry Stotts",49,33
"
Norman Powell",150,385,0.472,SG,24,"
4","Toronto Raptors",3383,9156,"
Dwane Casey",59,23
"
OG Anunoby",163,438,0.577,SF,20,"
4","Toronto Raptors",3383,9156,"
Dwane Casey",59,23
"
Okaro White",7,20,0.563,PF,25,"
23","Miami Heat",3184,8480,"
Erik Spoelstra",44,38
"
Omari Johnson",9,NULL,0.524,PF,28,"
29","Memphis Grizzlies",3013,8145,"
J.B. Bickerstaff",15,48
"
Omari Johnson",9,NULL,0.524,PF,28,"
29","Memphis Grizzlies",3013,8145,"
David Fizdale",7,12
"
Omer Asik",2,NULL,0,C,31,"
26","Chicago Bulls",3170,8440,"
Fred Hoiberg",27,55
"
Omer Asik",7,NULL,4,C,31,"
3","New Orleans Pelicans",3500,9161,"
Alvin Gentry",48,34
"
Omri Casspi",120,300,0.604,SF,29,"
1","Golden State Warriors",3509,9304,"
Steve Kerr",58,24
"
Otto Porter",445,1134,0.581,SF,24,"
13","Washington Wizards",3275,8742,"
Scott Brooks",43,39
"
P.J. Tucker",172,502,0.52,PF,32,"
2","Houston Rockets",3174,9213,"
Mike D'Antoni",65,17
"
Pascal Siakam",253,589,0.537,PF,23,"
4","Toronto Raptors",3383,9156,"
Dwane Casey",59,23
"
Pat Connaughton",165,441,0.518,SG,25,"
16","Portland Trail Blazers",3222,8661,"
Terry Stotts",49,33
"
Patrick Beverley",48,134,0.504,SG,29,"
9","Los Angeles Clippers",3302,8937,"
Doc Rivers",42,40
"
Patrick McCaw",92,229,0.451,SG,22,"
1","Golden State Warriors",3509,9304,"
Steve Kerr",58,24
"
Patrick Patterson",106,318,0.523,PF,28,"
12","Oklahoma City Thunder",3271,8844,"
Billy Donovan",48,34
"
Patty Mills",280,819,0.523,PG,29,"
27","San Antonio Spurs",3202,8424,"
Gregg Popovich",47,35
"
Pau Gasol",287,775,0.492,C,37,"
27","San Antonio Spurs",3202,8424,"
Gregg Popovich",47,35
"
Paul George",576,1734,0.521,SF,27,"
12","Oklahoma City Thunder",3271,8844,"
Billy Donovan",48,34
"
Paul Millsap",202,555,0.509,PF,32,"
6","Denver Nuggets",3338,9020,"
Mike Malone",46,36
"
Paul Zipser",81,218,0.425,SF,23,"
26","Chicago Bulls",3170,8440,"
Fred Hoiberg",27,55
"
PJ Dozier",1,NULL,0,PG,21,"
12","Oklahoma City Thunder",3271,8844,"
Billy Donovan",48,34
"
Quincy Acy",130,411,0.496,PF,27,"
14","Brooklyn Nets",3136,8741,"
Kenny Atkinson",28,54
"
Quincy Pondexter",14,45,0.316,SF,29,"
26","Chicago Bulls",3170,8440,"
Fred Hoiberg",27,55
"
Quinn Cook",122,312,0.575,PG,24,"
1","Golden State Warriors",3509,9304,"
Steve Kerr",58,24
"
R.J. Hunter",7,19,0.425,SG,24,"
2","Houston Rockets",3174,9213,"
Mike D'Antoni",65,17
"
Rajon Rondo",231,537,0.518,PG,31,"
3","New Orleans Pelicans",3500,9161,"
Alvin Gentry",48,34
"
Ramon Sessions",17,48,0.34,PG,31,"
18","New York Knicks",3334,8566,"
Jeff Hornacek",29,53
"
Ramon Sessions",25,88,0.438,PG,31,"
13","Washington Wizards",3275,8742,"
Scott Brooks",43,39
"
Rashad Vaughn",0,NULL,0,SG,21,"
14","Brooklyn Nets",3136,8741,"
Kenny Atkinson",28,54
"
Rashad Vaughn",21,59,0.55,SG,21,"
15","Milwaukee Bucks",3257,8731,"
Joe Prunty",21,16
"
Rashad Vaughn",21,59,0.55,SG,21,"
15","Milwaukee Bucks",3257,8731,"
Jason Kidd",23,22
"
Rashad Vaughn",2,NULL,0.417,SG,21,"
24","Orlando Magic",3182,8479,"
Frank Vogel",25,57
"
Raul Neto",69,183,0.52,PG,25,"
19","Utah Jazz",3139,8540,"
Quin Snyder",48,34
"
Raymond Felton",224,565,0.479,PG,33,"
12","Oklahoma City Thunder",3271,8844,"
Billy Donovan",48,34
"
Reggie Bullock",267,698,0.603,SF,26,"
22","Detroit Pistons",3208,8509,"
Stan Van Gundy",39,43
"
Reggie Hearn",1,NULL,0,SG,26,"
22","Detroit Pistons",3208,8509,"
Stan Van Gundy",39,43
"
Reggie Jackson",246,656,0.471,PG,27,"
22","Detroit Pistons",3208,8509,"
Stan Van Gundy",39,43
"
Richard Jefferson",12,30,0.481,SF,37,"
6","Denver Nuggets",3338,9020,"
Mike Malone",46,36
"
Richaun Holmes",135,311,0.568,C,24,"
7","Philadelphia 76ers",3349,9004,"
Brett Brown",52,30
"
Ricky Rubio",346,1008,0.476,PG,27,"
19","Utah Jazz",3139,8540,"
Quin Snyder",48,34
"
Robert Covington",345,1009,0.534,SF,27,"
7","Philadelphia 76ers",3349,9004,"
Brett Brown",52,30
"
Robin Lopez",342,756,0.533,C,29,"
26","Chicago Bulls",3170,8440,"
Fred Hoiberg",27,55
"
Rodney Hood",88,227,0.505,SG,25,"
5","Cleveland Cavaliers",3311,9091,"
Tyronn Lue",50,32
"
Rodney Hood",234,655,0.516,SG,25,"
19","Utah Jazz",3139,8540,"
Quin Snyder",48,34
"
Rodney McGruder",36,91,0.596,SG,26,"
23","Miami Heat",3184,8480,"
Erik Spoelstra",44,38
"
Rodney Purvis",35,96,0.388,SG,23,"
24","Orlando Magic",3182,8479,"
Frank Vogel",25,57
"
Ron Baker",20,71,0.432,SG,24,"
18","New York Knicks",3334,8566,"
Jeff Hornacek",29,53
"
Rondae Hollis-Jefferson",342,946,0.481,SF,23,"
14","Brooklyn Nets",3136,8741,"
Kenny Atkinson",28,54
"
Royce O'Neale",120,343,0.496,SF,24,"
19","Utah Jazz",3139,8540,"
Quin Snyder",48,34
"
Rudy Gay",253,655,0.506,PF,31,"
27","San Antonio Spurs",3202,8424,"
Gregg Popovich",47,35
"
Rudy Gobert",276,NULL,204,C,25,"
19","Utah Jazz",3139,8540,"
Quin Snyder",48,34
"
Russell Westbrook",757,2028,0.477,PG,29,"
12","Oklahoma City Thunder",3271,8844,"
Billy Donovan",48,34
"
Ryan Anderson",207,617,0.568,PF,29,"
2","Houston Rockets",3174,9213,"
Mike D'Antoni",65,17
"
Ryan Arcidiacono",17,48,0.524,PG,23,"
26","Chicago Bulls",3170,8440,"
Fred Hoiberg",27,55
"
Salah Mejri",88,214,0.642,C,31,"
28","Dallas Mavericks",3128,8390,"
Rick Carlisle",24,58
"
Sam Dekker",128,303,0.514,PF,23,"
9","Los Angeles Clippers",3302,8937,"
Doc Rivers",42,40
"
Scotty Hopson",0,NULL,1,SG,28,"
28","Dallas Mavericks",3128,8390,"
Rick Carlisle",24,58
"
Sean Kilpatrick",25,79,0.351,SG,28,"
14","Brooklyn Nets",3136,8741,"
Kenny Atkinson",28,54
"
Sean Kilpatrick",47,139,0.528,SG,28,"
26","Chicago Bulls",3170,8440,"
Fred Hoiberg",27,55
"
Sean Kilpatrick",7,19,0.472,SG,28,"
9","Los Angeles Clippers",3302,8937,"
Doc Rivers",42,40
"
Sean Kilpatrick",31,93,0.457,SG,28,"
15","Milwaukee Bucks",3257,8731,"
Joe Prunty",21,16
"
Sean Kilpatrick",31,93,0.457,SG,28,"
15","Milwaukee Bucks",3257,8731,"
Jason Kidd",23,22
"
Semi Ojeleye",65,195,0.452,PF,23,"
20","Boston Celtics",3141,8529,"
Brad Stevens",55,27
"
Serge Ibaka",379,959,0.552,PF,28,"
4","Toronto Raptors",3383,9156,"
Dwane Casey",59,23
"
Shabazz Muhammad",37,94,0.575,SF-SG,25,"
15","Milwaukee Bucks",3257,8731,"
Joe Prunty",21,16
"
Shabazz Muhammad",37,94,0.575,SF-SG,25,"
15","Milwaukee Bucks",3257,8731,"
Jason Kidd",23,22
"
Shabazz Muhammad",47,120,0.405,SF-SG,25,"
8","Minnesota Timberwolves",3365,8980,"
Tom Thibodeau",47,35
"
Shabazz Napier",223,644,0.497,PG,26,"
16","Portland Trail Blazers",3222,8661,"
Terry Stotts",49,33
"
Shane Larkin",84,231,0.454,PG,25,"
20","Boston Celtics",3141,8529,"
Brad Stevens",55,27
"
Shaquille Harrison",59,152,0.5,PG,24,"
21","Phoenix Suns",3153,8522,"
Jay Triano",21,58
"
Shaquille Harrison",59,152,0.5,PG,24,"
21","Phoenix Suns",3153,8522,"
Earl Watson",0,3
"
Shaun Livingston",172,394,0.501,PG,32,"
1","Golden State Warriors",3509,9304,"
Steve Kerr",58,24
"
Shelvin Mack",178,473,0.488,PG,27,"
24","Orlando Magic",3182,8479,"
Frank Vogel",25,57
"
Sindarius Thornwell",100,282,0.479,SG,23,"
9","Los Angeles Clippers",3302,8937,"
Doc Rivers",42,40
"
Skal Labissiere",205,523,0.467,PF,21,"
30","Sacramento Kings",3179,8104,"
Dave Joerger",27,55
"
Solomon Hill",11,29,0.317,SF,26,"
3","New Orleans Pelicans",3500,9161,"
Alvin Gentry",48,34
"
Spencer Dinwiddie",324,1007,0.471,PG,24,"
14","Brooklyn Nets",3136,8741,"
Kenny Atkinson",28,54
"
Stanley Johnson",210,599,0.435,SF,21,"
22","Detroit Pistons",3208,8509,"
Stan Van Gundy",39,43
"
Stephen Curry",428,1346,0.618,PG,29,"
1","Golden State Warriors",3509,9304,"
Steve Kerr",58,24
"
Sterling Brown",82,217,0.478,SG,22,"
15","Milwaukee Bucks",3257,8731,"
Joe Prunty",21,16
"
Sterling Brown",82,217,0.478,SG,22,"
15","Milwaukee Bucks",3257,8731,"
Jason Kidd",23,22
"
Steven Adams",448,1056,0.629,C,24,"
12","Oklahoma City Thunder",3271,8844,"
Billy Donovan",48,34
"
T.J. Leaf",64,156,0.537,PF,20,"
17","Indiana Pacers",3345,8656,"
Nate McMillan",48,34
"
T.J. McConnell",210,478,0.531,PG,25,"
7","Philadelphia 76ers",3349,9004,"
Brett Brown",52,30
"
T.J. Warren",529,1271,0.507,SF,24,"
21","Phoenix Suns",3153,8522,"
Jay Triano",21,58
"
T.J. Warren",529,1271,0.507,SF,24,"
21","Phoenix Suns",3153,8522,"
Earl Watson",0,3
"
Taj Gibson",425,999,0.581,PF,32,"
8","Minnesota Timberwolves",3365,8980,"
Tom Thibodeau",47,35
"
Tarik Black",75,180,0.594,C,26,"
2","Houston Rockets",3174,9213,"
Mike D'Antoni",65,17
"
Taurean Waller-Prince",415,1158,0.516,SF,23,"
25","Atlanta Hawks",3130,8475,"
Mike Budenholzer",24,58
"
Terrance Ferguson",70,189,0.533,SG,19,"
12","Oklahoma City Thunder",3271,8844,"
Billy Donovan",48,34
"
Terrence Ross",76,209,0.476,SG,26,"
24","Orlando Magic",3182,8479,"
Frank Vogel",25,57
"
Terry Rozier",316,900,0.491,PG,23,"
20","Boston Celtics",3141,8529,"
Brad Stevens",55,27
"
Thabo Sefolosha",118,312,0.558,SF,33,"
19","Utah Jazz",3139,8540,"
Quin Snyder",48,34
"
Thaddeus Young",421,955,0.521,PF,29,"
17","Indiana Pacers",3345,8656,"
Nate McMillan",48,34
"
Thomas Bryant",8,22,0.405,C,20,"
11","Los Angeles Lakers",3338,8862,"
Luke Walton",35,47
"
Thon Maker",130,356,0.46,C,20,"
15","Milwaukee Bucks",3257,8731,"
Joe Prunty",21,16
"
Thon Maker",130,356,0.46,C,20,"
15","Milwaukee Bucks",3257,8731,"
Jason Kidd",23,22
"
Tim Frazier",68,176,0.445,PG,27,"
13","Washington Wizards",3275,8742,"
Scott Brooks",43,39
"
Tim Hardaway",360,996,0.496,SG,25,"
18","New York Knicks",3334,8566,"
Jeff Hornacek",29,53
"
Tim Quarterman",1,4,0.333,SG,23,"
2","Houston Rockets",3174,9213,"
Mike D'Antoni",65,17
"
Timofey Mozgov",52,131,0.581,C,31,"
14","Brooklyn Nets",3136,8741,"
Kenny Atkinson",28,54
"
Timothe Luwawu-Cabarrot",100,299,0.474,SF,22,"
7","Philadelphia 76ers",3349,9004,"
Brett Brown",52,30
"
Tobias Harris",320,868,0.531,PF,25,"
22","Detroit Pistons",3208,8509,"
Stan Van Gundy",39,43
"
Tobias Harris",242,618,0.541,PF,25,"
9","Los Angeles Clippers",3302,8937,"
Doc Rivers",42,40
"
Tomas Satoransky",201,524,0.585,SG,26,"
13","Washington Wizards",3275,8742,"
Scott Brooks",43,39
"
Tony Allen",44,103,0.505,SF,36,"
3","New Orleans Pelicans",3500,9161,"
Alvin Gentry",48,34
"
Tony Bradley",3,8,0.273,C,20,"
19","Utah Jazz",3139,8540,"
Quin Snyder",48,34
"
Tony Parker",178,421,0.472,PG,35,"
27","San Antonio Spurs",3202,8424,"
Gregg Popovich",47,35
"
Tony Snell",185,516,0.562,SG,26,"
15","Milwaukee Bucks",3257,8731,"
Joe Prunty",21,16
"
Tony Snell",185,516,0.562,SG,26,"
15","Milwaukee Bucks",3257,8731,"
Jason Kidd",23,22
"
Torrey Craig",62,163,0.515,SF,27,"
6","Denver Nuggets",3338,9020,"
Mike Malone",46,36
"
Travis Wear",25,75,0.465,SF,27,"
11","Los Angeles Lakers",3338,8862,"
Luke Walton",35,47
"
Treveon Graham",96,273,0.525,SG,24,"
10","Charlotte Hornets",3197,8874,"
Steve Clifford",36,46
"
Trevor Ariza",268,782,0.542,SF,32,"
2","Houston Rockets",3174,9213,"
Mike D'Antoni",65,17
"
Trevor Booker",77,181,0.523,PF,30,"
14","Brooklyn Nets",3136,8741,"
Kenny Atkinson",28,54
"
Trevor Booker",39,91,0.482,PF,30,"
17","Indiana Pacers",3345,8656,"
Nate McMillan",48,34
"
Trevor Booker",61,156,0.569,PF,30,"
7","Philadelphia 76ers",3349,9004,"
Brett Brown",52,30
"
Trey Burke",193,461,0.552,PG,25,"
18","New York Knicks",3334,8566,"
Jeff Hornacek",29,53
"
Trey Lyles",270,724,0.566,PF,22,"
6","Denver Nuggets",3338,9020,"
Mike Malone",46,36
"
Trey McKinney-Jones",0,NULL,0,SG,27,"
17","Indiana Pacers",3345,8656,"
Nate McMillan",48,34
"
Tristan Thompson",132,NULL,43,C,26,"
5","Cleveland Cavaliers",3311,9091,"
Tyronn Lue",50,32
"
Troy Daniels",232,703,0.563,SG,26,"
21","Phoenix Suns",3153,8522,"
Jay Triano",21,58
"
Troy Daniels",232,703,0.563,SG,26,"
21","Phoenix Suns",3153,8522,"
Earl Watson",0,3
"
Troy Williams",2,5,0.222,SF,23,"
2","Houston Rockets",3174,9213,"
Mike D'Antoni",65,17
"
Troy Williams",49,128,0.545,SF,23,"
18","New York Knicks",3334,8566,"
Jeff Hornacek",29,53
"
Tyler Cavanaugh",67,183,0.546,PF,23,"
25","Atlanta Hawks",3130,8475,"
Mike Budenholzer",24,58
"
Tyler Dorsey",144,405,0.471,SG,21,"
25","Atlanta Hawks",3130,8475,"
Mike Budenholzer",24,58
"
Tyler Ennis",94,224,0.451,PG,23,"
11","Los Angeles Lakers",3338,8862,"
Luke Walton",35,47
"
Tyler Johnson",309,843,0.518,PG,25,"
23","Miami Heat",3184,8480,"
Erik Spoelstra",44,38
"
Tyler Lydon",0,NULL,0,PF,21,"
6","Denver Nuggets",3338,9020,"
Mike Malone",46,36
"
Tyler Ulis",214,554,0.426,PG,22,"
21","Phoenix Suns",3153,8522,"
Jay Triano",21,58
"
Tyler Ulis",214,554,0.426,PG,22,"
21","Phoenix Suns",3153,8522,"
Earl Watson",0,3
"
Tyler Zeller",125,300,0.568,C,28,"
14","Brooklyn Nets",3136,8741,"
Kenny Atkinson",28,54
"
Tyler Zeller",62,141,0.59,C,28,"
15","Milwaukee Bucks",3257,8731,"
Joe Prunty",21,16
"
Tyler Zeller",62,141,0.59,C,28,"
15","Milwaukee Bucks",3257,8731,"
Jason Kidd",23,22
"
Tyreke Evans",366,1010,0.523,PG,28,"
29","Memphis Grizzlies",3013,8145,"
J.B. Bickerstaff",15,48
"
Tyreke Evans",366,1010,0.523,PG,28,"
29","Memphis Grizzlies",3013,8145,"
David Fizdale",7,12
"
Tyrone Wallace",110,291,0.466,PG,23,"
9","Los Angeles Clippers",3302,8937,"
Doc Rivers",42,40
"
Tyson Chandler",121,NULL,58,C,35,"
21","Phoenix Suns",3153,8522,"
Jay Triano",21,58
"
Tyson Chandler",121,NULL,58,C,35,"
21","Phoenix Suns",3153,8522,"
Earl Watson",0,3
"
Tyus Jones",150,416,0.526,PG,21,"
8","Minnesota Timberwolves",3365,8980,"
Tom Thibodeau",47,35
"
Udonis Haslem",3,8,0.233,C,37,"
23","Miami Heat",3184,8480,"
Erik Spoelstra",44,38
"
Vander Blue",1,3,0.2,SG,25,"
11","Los Angeles Lakers",3338,8862,"
Luke Walton",35,47
"
Victor Oladipo",640,1735,0.537,SG,25,"
17","Indiana Pacers",3345,8656,"
Nate McMillan",48,34
"
Vince Carter",114,313,0.504,SF,41,"
30","Sacramento Kings",3179,8104,"
Dave Joerger",27,55
"
Vince Hunter",3,NULL,0,PF,23,"
29","Memphis Grizzlies",3013,8145,"
J.B. Bickerstaff",15,48
"
Vince Hunter",3,NULL,0,PF,23,"
29","Memphis Grizzlies",3013,8145,"
David Fizdale",7,12
"
Wade Baldwin",14,38,0.762,PG,21,"
16","Portland Trail Blazers",3222,8661,"
Terry Stotts",49,33
"
Walt Lemon",7,17,0.469,PG,25,"
3","New Orleans Pelicans",3500,9161,"
Alvin Gentry",48,34
"
Wayne Ellington",285,864,0.569,SG,30,"
23","Miami Heat",3184,8480,"
Erik Spoelstra",44,38
"
Wayne Selden",116,325,0.522,SG,23,"
29","Memphis Grizzlies",3013,8145,"
J.B. Bickerstaff",15,48
"
Wayne Selden",116,325,0.522,SG,23,"
29","Memphis Grizzlies",3013,8145,"
David Fizdale",7,12
"
Wesley Iwundu",93,229,0.447,SF,23,"
24","Orlando Magic",3182,8479,"
Frank Vogel",25,57
"
Wesley Johnson",150,403,0.489,SF,30,"
9","Los Angeles Clippers",3302,8937,"
Doc Rivers",42,40
"
Wesley Matthews",283,802,0.516,SF,31,"
28","Dallas Mavericks",3128,8390,"
Rick Carlisle",24,58
"
Will Barton",465,1268,0.528,SG,27,"
6","Denver Nuggets",3338,9020,"
Mike Malone",46,36
"
Willie Cauley-Stein",388,932,0.504,C,24,"
30","Sacramento Kings",3179,8104,"
Dave Joerger",27,55
"
Willie Reed",1,NULL,0,C,27,"
22","Detroit Pistons",3208,8509,"
Stan Van Gundy",39,43
"
Willie Reed",80,193,0.671,C,27,"
9","Los Angeles Clippers",3302,8937,"
Doc Rivers",42,40
"
Willy Hernangomez",42,135,0.53,C,23,"
10","Charlotte Hornets",3197,8874,"
Steve Clifford",36,46
"
Willy Hernangomez",49,111,0.611,C,23,"
18","New York Knicks",3334,8566,"
Jeff Hornacek",29,53
"
Wilson Chandler",281,738,0.515,SF,30,"
6","Denver Nuggets",3338,9020,"
Mike Malone",46,36
"
Xavier Munford",1,3,0.167,SG,25,"
15","Milwaukee Bucks",3257,8731,"
Joe Prunty",21,16
"
Xavier Munford",1,3,0.167,SG,25,"
15","Milwaukee Bucks",3257,8731,"
Jason Kidd",23,22
"
Xavier Rathan-Mayes",12,29,0.298,SG,23,"
29","Memphis Grizzlies",3013,8145,"
J.B. Bickerstaff",15,48
"
Xavier Rathan-Mayes",12,29,0.298,SG,23,"
29","Memphis Grizzlies",3013,8145,"
David Fizdale",7,12
"
Xavier Silas",0,NULL,0,SG,30,"
20","Boston Celtics",3141,8529,"
Brad Stevens",55,27
"
Yogi Ferrell",311,838,0.518,SG,24,"
28","Dallas Mavericks",3128,8390,"
Rick Carlisle",24,58
"
Zach Collins",115,292,0.458,C,20,"
16","Portland Trail Blazers",3222,8661,"
Terry Stotts",49,33
"
Zach LaVine",136,401,0.442,SG,22,"
26","Chicago Bulls",3170,8440,"
Fred Hoiberg",27,55
"
Zach Randolph",361,857,0.507,PF,36,"
30","Sacramento Kings",3179,8104,"
Dave Joerger",27,55
"
Zaza Pachulia",149,373,0.564,C,33,"
1","Golden State Warriors",3509,9304,"
Steve Kerr",58,24
"
Zhou Qi",6,22,0.219,C,22,"
2","Houston Rockets",3174,9213,"
Mike D'Antoni",65,17
